{
    "1.0": {
        "9": {
            "1": {
                "total_train_loss": 0.8892500400543213,
                "total_train_acc": 0.8523314595222473,
                "epsilon_consume": 0.9922532439231873,
                "total_val_loss": 9.574803352355957,
                "total_val_acc": 0.33653172850608826
            },
            "2": {
                "total_train_loss": 0.8741388916969299,
                "total_train_acc": 0.8583801984786987,
                "epsilon_consume": 0.9922532439231873,
                "total_val_loss": 7.4168500900268555,
                "total_val_acc": 0.2838614881038666
            },
            "0": {
                "total_train_loss": 0.8031058311462402,
                "total_train_acc": 0.8662786483764648,
                "total_val_loss": 7.384757995605469,
                "total_val_acc": 0.3471757173538208
            }
        },
        "7": {
            "1": {
                "total_train_loss": 0.5215720534324646,
                "total_train_acc": 0.9136977791786194,
                "epsilon_consume": 0.9922532439231873,
                "total_val_loss": 11.604379653930664,
                "total_val_acc": 0.341718465089798
            },
            "2": {
                "total_train_loss": 0.5339131951332092,
                "total_train_acc": 0.9129055142402649,
                "epsilon_consume": 0.9922532439231873,
                "total_val_loss": 12.404844284057617,
                "total_val_acc": 0.2807897925376892
            },
            "0": {
                "total_train_loss": 0.5116674304008484,
                "total_train_acc": 0.9180617332458496,
                "total_val_loss": 16.088586807250977,
                "total_val_acc": 0.39259040355682373
            }
        },
        "6": {
            "2": {
                "total_train_loss": 0.6555626392364502,
                "total_train_acc": 0.9012013077735901,
                "epsilon_consume": 0.9922532439231873,
                "total_val_loss": 15.466564178466797,
                "total_val_acc": 0.41770198941230774
            },
            "0": {
                "total_train_loss": 0.6917710900306702,
                "total_train_acc": 0.8996202349662781,
                "total_val_loss": 15.832963943481445,
                "total_val_acc": 0.3739413022994995
            },
            "1": {
                "total_train_loss": 0.6831621527671814,
                "total_train_acc": 0.8984607458114624,
                "epsilon_consume": 0.9922532439231873,
                "total_val_loss": 18.322912216186523,
                "total_val_acc": 0.2592063546180725
            }
        },
        "5": {
            "2": {
                "total_train_loss": 0.511549711227417,
                "total_train_acc": 0.9232723712921143,
                "epsilon_consume": 0.9922532439231873,
                "total_val_loss": 20.255035400390625,
                "total_val_acc": 0.4091448485851288
            },
            "0": {
                "total_train_loss": 0.5339940786361694,
                "total_train_acc": 0.9198524355888367,
                "epsilon_consume": 0.9922532439231873,
                "total_val_loss": 14.512266159057617,
                "total_val_acc": 0.3643772602081299
            },
            "1": {
                "total_train_loss": 0.5403003096580505,
                "total_train_acc": 0.9199459552764893,
                "epsilon_consume": 0.9922532439231873,
                "total_val_loss": 16.9387264251709,
                "total_val_acc": 0.3283710777759552
            }
        },
        "2": {
            "2": {
                "total_train_loss": 0.8340626358985901,
                "total_train_acc": 0.8695492148399353,
                "epsilon_consume": 0.9922532439231873,
                "total_val_loss": 4.920743465423584,
                "total_val_acc": 0.5060235261917114
            },
            "0": {
                "total_train_loss": 0.8628300428390503,
                "total_train_acc": 0.8671949505805969,
                "epsilon_consume": 0.9922532439231873,
                "total_val_loss": 4.450721740722656,
                "total_val_acc": 0.5278809070587158
            },
            "1": {
                "total_train_loss": 0.8776289224624634,
                "total_train_acc": 0.867503821849823,
                "epsilon_consume": 0.9922532439231873,
                "total_val_loss": 6.506324291229248,
                "total_val_acc": 0.40806683897972107
            }
        },
        "8": {
            "1": {
                "total_train_loss": 0.8209033012390137,
                "total_train_acc": 0.8585773706436157,
                "epsilon_consume": 0.9922532439231873,
                "total_val_loss": 19.85118293762207,
                "total_val_acc": 0.2548826336860657
            },
            "0": {
                "total_train_loss": 0.8010616898536682,
                "total_train_acc": 0.8608978986740112,
                "total_val_loss": 16.05876350402832,
                "total_val_acc": 0.27644938230514526
            },
            "2": {
                "total_train_loss": 0.7537786960601807,
                "total_train_acc": 0.8622588515281677,
                "epsilon_consume": 0.9922532439231873,
                "total_val_loss": 15.404553413391113,
                "total_val_acc": 0.38015642762184143
            }
        },
        "3": {
            "1": {
                "total_train_loss": 1.2700694799423218,
                "total_train_acc": 0.7926629185676575,
                "epsilon_consume": 0.9922532439231873,
                "total_val_loss": 4.86070442199707,
                "total_val_acc": 0.5127527117729187
            },
            "2": {
                "total_train_loss": 1.3122462034225464,
                "total_train_acc": 0.782486617565155,
                "epsilon_consume": 0.9922532439231873,
                "total_val_loss": 3.4029150009155273,
                "total_val_acc": 0.6879189014434814
            },
            "0": {
                "total_train_loss": 1.2918570041656494,
                "total_train_acc": 0.7862799763679504,
                "epsilon_consume": 0.9922532439231873,
                "total_val_loss": 3.246398448944092,
                "total_val_acc": 0.5976282358169556
            }
        },
        "4": {
            "0": {
                "total_train_loss": 0.7341808676719666,
                "total_train_acc": 0.8825222253799438,
                "epsilon_consume": 0.9922532439231873,
                "total_val_loss": 5.180026531219482,
                "total_val_acc": 0.42308300733566284
            },
            "2": {
                "total_train_loss": 0.7310958504676819,
                "total_train_acc": 0.8817088603973389,
                "epsilon_consume": 0.9922532439231873,
                "total_val_loss": 4.548465251922607,
                "total_val_acc": 0.5178346633911133
            },
            "1": {
                "total_train_loss": 0.8378169536590576,
                "total_train_acc": 0.8675311207771301,
                "epsilon_consume": 0.9922532439231873,
                "total_val_loss": 6.371534824371338,
                "total_val_acc": 0.47878146171569824
            }
        },
        "0": {
            "1": {
                "total_train_loss": 1.0357145071029663,
                "total_train_acc": 0.8300008177757263,
                "epsilon_consume": 0.9922532439231873,
                "total_val_loss": 5.576530933380127,
                "total_val_acc": 0.5085969567298889
            },
            "2": {
                "total_train_loss": 1.0415006875991821,
                "total_train_acc": 0.8294166922569275,
                "epsilon_consume": 0.9922532439231873,
                "total_val_loss": 2.482787847518921,
                "total_val_acc": 0.7027527093887329
            },